Silicon Valley
San Francisco
#Alameda County
Alameda
Albany
Berkeley
Dublin
Emeryville
Fremont
Hayward
Livermore
Newark
Oakland
Piedmont
Pleasanton
San Leandro
Union City
#Unincorporated Alameda County
#Contra Costa County
Antioch
Brentwood
Clayton
Concord
Danville
El Cerrito
Hercules
Lafayette
Martinez
Moraga
Oakley
Orinda
Pinole
Pittsburg
Pleasant Hill
Richmond
San Pablo
San Ramon
Walnut Creek
#Unincorporated Contra Costa County
#Marin County
Belvedere
Corte Madera
Fairfax
Larkspur
Mill Valley
Novato
Ross
San Anselmo
San Rafael
Sausalito
Tiburon
#Unincorporated Marin County
#Napa County
American Canyon
Calistoga
Napa
St. Helena
Yountville
#Unincorporated Napa County
#San Mateo County
Atherton
Belmont
Brisbane
Burlingame
Colma
Daly City
East Palo Alto
Foster City
Half Moon Bay
Hillsborough
Menlo Park
Millbrae
Pacifica
Portola Valley
Redwood City
San Bruno
San Carlos
San Mateo
South San Francisco
Woodside
#Unincorporated San Mateo County
#Santa Clara County
Campbell
Cupertino
Gilroy
Los Altos
Los Altos Hills
Los Gatos
Milpitas
Monte Sereno
Morgan Hill
Mountain View
Palo Alto
San Jose
Santa Clara
Saratoga
Sunnyvale
#Unincorporated Santa Clara County
#Solano County
Benicia
Dixon
Fairfield
Rio Vista
Suisun City
Vacaville
Vallejo
#Unincorporated Solano County
#Sonoma County
Cloverdale
Cotati
Healdsburg
Petaluma
Rohnert Park
Santa Rosa
Sebastopol
Sonoma
Windsor
#Unincorporated Sonoma County
